transaction_id,transaction_date,amount,currency,description,account_id,transaction_type
T0001,2024-01-01,150.00,USD,Customer payment,A001,credit
T0002,2024-01-01,-25.00,USD,Vendor payout,A001,debit
T0003,2024-01-01,320.00,USD,Customer payment,A002,credit
T0004,2024-01-01,-50.00,USD,Refund processed,A003,debit
T0005,2024-01-01,210.00,USD,Customer payment,A004,credit
T0006,2024-01-01,450.00,USD,Customer payment,A005,credit
T0007,2024-01-02,-75.00,USD,Vendor payout,A001,debit
T0008,2024-01-02,180.00,USD,Customer payment,A002,credit
T0009,2024-01-02,-40.00,USD,Refund processed,A003,debit
T0010,2024-01-02,500.00,USD,Customer payment,A004,credit
T0011,2024-01-02,-120.00,USD,Vendor payout,A005,debit
T0012,2024-01-03,250.00,USD,Customer payment,A001,credit
T0013,2024-01-03,300.00,USD,Customer payment,A002,credit
T0014,2024-01-03,-60.00,USD,Refund processed,A003,debit
T0015,2024-01-03,700.00,USD,Customer payment,A004,credit
T0016,2024-01-03,-150.00,USD,Vendor payout,A005,debit
T0017,2024-01-04,175.00,USD,Customer payment,A001,credit
T0018,2024-01-04,-80.00,USD,Vendor payout,A002,debit
T0019,2024-01-04,260.00,USD,Customer payment,A003,credit
T0020,2024-01-04,900.00,USD,Customer payment,A004,credit
T0021,2024-01-04,-200.00,USD,Vendor payout,A005,debit
T0022,2024-01-05,190.00,USD,Customer payment,A001,credit
T0023,2024-01-05,-45.00,USD,Refund processed,A002,debit
T0024,2024-01-05,330.00,USD,Customer payment,A003,credit
T0025,2024-01-05,650.00,USD,Customer payment,A004,credit
T0026,2024-01-05,-90.00,USD,Vendor payout,A005,debit
T0027,2024-01-06,210.00,USD,Customer payment,A001,credit
T0028,2024-01-06,400.00,USD,Customer payment,A002,credit
T0029,2024-01-06,-70.00,USD,Refund processed,A003,debit
T0030,2024-01-06,800.00,USD,Customer payment,A004,credit
T0031,2024-01-06,-110.00,USD,Vendor payout,A005,debit
T0032,2024-01-07,220.00,USD,Customer payment,A001,credit
T0033,2024-01-07,-55.00,USD,Vendor payout,A002,debit
T0034,2024-01-07,350.00,USD,Customer payment,A003,credit
T0035,2024-01-07,900.00,USD,Customer payment,A004,credit
T0036,2024-01-07,-130.00,USD,Vendor payout,A005,debit
T0037,2024-01-08,240.00,USD,Customer payment,A001,credit
T0038,2024-01-08,420.00,USD,Customer payment,A002,credit
T0039,2024-01-08,-65.00,USD,Refund processed,A003,debit
T0040,2024-01-08,750.00,USD,Customer payment,A004,credit
T0041,2024-01-08,-140.00,USD,Vendor payout,A005,debit
T0042,2024-01-09,260.00,USD,Customer payment,A001,credit
T0043,2024-01-09,-70.00,USD,Vendor payout,A002,debit
T0044,2024-01-09,380.00,USD,Customer payment,A003,credit
T0045,2024-01-09,820.00,USD,Customer payment,A004,credit
T0046,2024-01-09,-160.00,USD,Vendor payout,A005,debit
T0047,2024-01-10,280.00,USD,Customer payment,A001,credit
T0048,2024-01-10,450.00,USD,Customer payment,A002,credit
T0049,2024-01-10,-75.00,USD,Refund processed,A003,debit
T0050,2024-01-10,900.00,USD,Customer payment,A004,credit
T0051,2024-01-10,-170.00,USD,Vendor payout,A005,debit
T0052,2024-01-11,300.00,USD,Customer payment,A001,credit
T0053,2024-01-11,-85.00,USD,Vendor payout,A002,debit
T0054,2024-01-11,390.00,USD,Customer payment,A003,credit
T0055,2024-01-11,950.00,USD,Customer payment,A004,credit
T0056,2024-01-11,-180.00,USD,Vendor payout,A005,debit
T0057,2024-01-12,320.00,USD,Customer payment,A001,credit
T0058,2024-01-12,480.00,USD,Customer payment,A002,credit
T0059,2024-01-12,-90.00,USD,Refund processed,A003,debit
T0060,2024-01-12,1000.00,USD,Customer payment,A004,credit
T0061,2024-01-12,-200.00,USD,Vendor payout,A005,debit
T0062,2024-01-13,340.00,USD,Customer payment,A001,credit
T0063,2024-01-13,-95.00,USD,Vendor payout,A002,debit
T0064,2024-01-13,420.00,USD,Customer payment,A003,credit
T0065,2024-01-13,1100.00,USD,Customer payment,A004,credit
T0066,2024-01-13,-210.00,USD,Vendor payout,A005,debit
T0067,2024-01-14,360.00,USD,Customer payment,A001,credit
T0068,2024-01-14,500.00,USD,Customer payment,A002,credit
T0069,2024-01-14,-100.00,USD,Refund processed,A003,debit
T0070,2024-01-14,1200.00,USD,Customer payment,A004,credit
T0071,2024-01-14,-220.00,USD,Vendor payout,A005,debit
T0072,2024-01-15,380.00,USD,Customer payment,A001,credit
T0073,2024-01-15,-105.00,USD,Vendor payout,A002,debit
T0074,2024-01-15,450.00,USD,Customer payment,A003,credit
T0075,2024-01-15,1300.00,USD,Customer payment,A004,credit
T0076,2024-01-15,-230.00,USD,Vendor payout,A005,debit
T0077,2024-01-16,400.00,USD,Customer payment,A001,credit
T0078,2024-01-16,520.00,USD,Customer payment,A002,credit
T0079,2024-01-16,-110.00,USD,Refund processed,A003,debit
T0080,2024-01-16,1400.00,USD,Customer payment,A004,credit
T0081,2024-01-16,-240.00,USD,Vendor payout,A005,debit
T0082,2024-01-17,420.00,USD,Customer payment,A001,credit
T0083,2024-01-17,-115.00,USD,Vendor payout,A002,debit
T0084,2024-01-17,480.00,USD,Customer payment,A003,credit
T0085,2024-01-17,1500.00,USD,Customer payment,A004,credit
T0086,2024-01-17,-250.00,USD,Vendor payout,A005,debit
T0087,2024-01-18,440.00,USD,Customer payment,A001,credit
T0088,2024-01-18,550.00,USD,Customer payment,A002,credit
T0089,2024-01-18,-120.00,USD,Refund processed,A003,debit
T0090,2024-01-18,1600.00,USD,Customer payment,A004,credit
T0091,2024-01-18,-260.00,USD,Vendor payout,A005,debit
T0092,2024-01-19,460.00,USD,Customer payment,A001,credit
T0093,2024-01-19,-125.00,USD,Vendor payout,A002,debit
T0094,2024-01-19,500.00,USD,Customer payment,A003,credit
T0095,2024-01-19,1700.00,USD,Customer payment,A004,credit
T0096,2024-01-19,-270.00,USD,Vendor payout,A005,debit
T0097,2024-01-20,480.00,USD,Customer payment,A001,credit
T0098,2024-01-20,580.00,USD,Customer payment,A002,credit
T0099,2024-01-20,-130.00,USD,Refund processed,A003,debit
T0100,2024-01-20,1800.00,USD,Customer payment,A004,credit
T0101,2024-01-21,500.00,USD,Customer payment,A005,credit
T0102,2024-01-21,-135.00,USD,Vendor payout,A001,debit
T0103,2024-01-21,600.00,USD,Customer payment,A002,credit
T0104,2024-01-21,-140.00,USD,Refund processed,A003,debit
T0105,2024-01-21,1900.00,USD,Customer payment,A004,credit
T0106,2024-01-22,520.00,USD,Customer payment,A001,credit
T0107,2024-01-22,-145.00,USD,Vendor payout,A002,debit
T0108,2024-01-22,620.00,USD,Customer payment,A003,credit
T0109,2024-01-22,2000.00,USD,Customer payment,A004,credit
T0110,2024-01-22,-280.00,USD,Vendor payout,A005,debit
T0111,2024-01-23,540.00,USD,Customer payment,A001,credit
T0112,2024-01-23,650.00,USD,Customer payment,A002,credit
T0113,2024-01-23,-150.00,USD,Refund processed,A003,debit
T0114,2024-01-23,2100.00,USD,Customer payment,A004,credit
T0115,2024-01-23,-290.00,USD,Vendor payout,A005,debit
T0116,2024-01-24,560.00,USD,Customer payment,A001,credit
T0117,2024-01-24,-155.00,USD,Vendor payout,A002,debit
T0118,2024-01-24,680.00,USD,Customer payment,A003,credit
T0119,2024-01-24,2200.00,USD,Customer payment,A004,credit
T0120,2024-01-24,-300.00,USD,Vendor payout,A005,debit
T0121,2024-01-25,580.00,USD,Customer payment,A001,credit
T0122,2024-01-25,700.00,USD,Customer payment,A002,credit
T0123,2024-01-25,-160.00,USD,Refund processed,A003,debit
T0124,2024-01-25,2300.00,USD,Customer payment,A004,credit
T0125,2024-01-25,-310.00,USD,Vendor payout,A005,debit
T0126,2024-01-26,600.00,USD,Customer payment,A001,credit
T0127,2024-01-26,-165.00,USD,Vendor payout,A002,debit
T0128,2024-01-26,720.00,USD,Customer payment,A003,credit
T0129,2024-01-26,2400.00,USD,Customer payment,A004,credit
T0130,2024-01-26,-320.00,USD,Vendor payout,A005,debit
T0131,2024-01-27,620.00,USD,Customer payment,A001,credit
T0132,2024-01-27,750.00,USD,Customer payment,A002,credit
T0133,2024-01-27,-170.00,USD,Refund processed,A003,debit
T0134,2024-01-27,2500.00,USD,Customer payment,A004,credit
T0135,2024-01-27,-330.00,USD,Vendor payout,A005,debit
T0136,2024-01-28,640.00,USD,Customer payment,A001,credit
T0137,2024-01-28,-175.00,USD,Vendor payout,A002,debit
T0138,2024-01-28,780.00,USD,Customer payment,A003,credit
T0139,2024-01-28,2600.00,USD,Customer payment,A004,credit
T0140,2024-01-28,-340.00,USD,Vendor payout,A005,debit
T0141,2024-01-29,660.00,USD,Customer payment,A001,credit
T0142,2024-01-29,800.00,USD,Customer payment,A002,credit
T0143,2024-01-29,-180.00,USD,Refund processed,A003,debit
T0144,2024-01-29,2700.00,USD,Customer payment,A004,credit
T0145,2024-01-29,-350.00,USD,Vendor payout,A005,debit
T0146,2024-01-30,680.00,USD,Customer payment,A001,credit
T0147,2024-01-30,-185.00,USD,Vendor payout,A002,debit
T0148,2024-01-30,820.00,USD,Customer payment,A003,credit
T0149,2024-01-30,2800.00,USD,Customer payment,A004,credit
T0150,2024-01-30,-360.00,USD,Vendor payout,A005,debit
T0151,2024-01-31,700.00,USD,Customer payment,A001,credit
T0152,2024-01-31,850.00,USD,Customer payment,A002,credit
T0153,2024-01-31,-190.00,USD,Refund processed,A003,debit
T0154,2024-01-31,2900.00,USD,Customer payment,A004,credit
T0155,2024-01-31,-370.00,USD,Vendor payout,A005,debit
T0156,2024-02-01,720.00,USD,Customer payment,A001,credit
T0157,2024-02-01,-195.00,USD,Vendor payout,A002,debit
T0158,2024-02-01,880.00,USD,Customer payment,A003,credit
T0159,2024-02-01,3000.00,USD,Customer payment,A004,credit
T0160,2024-02-01,-380.00,USD,Vendor payout,A005,debit
T0161,2024-02-02,740.00,USD,Customer payment,A001,credit
T0162,2024-02-02,900.00,USD,Customer payment,A002,credit
T0163,2024-02-02,-200.00,USD,Refund processed,A003,debit
T0164,2024-02-02,3100.00,USD,Customer payment,A004,credit
T0165,2024-02-02,-390.00,USD,Vendor payout,A005,debit
T0166,2024-02-03,760.00,USD,Customer payment,A001,credit
T0167,2024-02-03,-205.00,USD,Vendor payout,A002,debit
T0168,2024-02-03,920.00,USD,Customer payment,A003,credit
T0169,2024-02-03,3200.00,USD,Customer payment,A004,credit
T0170,2024-02-03,-400.00,USD,Vendor payout,A005,debit
T0171,2024-02-04,780.00,USD,Customer payment,A001,credit
T0172,2024-02-04,950.00,USD,Customer payment,A002,credit
T0173,2024-02-04,-210.00,USD,Refund processed,A003,debit
T0174,2024-02-04,3300.00,USD,Customer payment,A004,credit
T0175,2024-02-04,-410.00,USD,Vendor payout,A005,debit
T0176,2024-02-05,800.00,USD,Customer payment,A001,credit
T0177,2024-02-05,-215.00,USD,Vendor payout,A002,debit
T0178,2024-02-05,980.00,USD,Customer payment,A003,credit
T0179,2024-02-05,3400.00,USD,Customer payment,A004,credit
T0180,2024-02-05,-420.00,USD,Vendor payout,A005,debit
T0181,2024-02-06,820.00,USD,Customer payment,A001,credit
T0182,2024-02-06,1000.00,USD,Customer payment,A002,credit
T0183,2024-02-06,-220.00,USD,Refund processed,A003,debit
T0184,2024-02-06,3500.00,USD,Customer payment,A004,credit
T0185,2024-02-06,-430.00,USD,Vendor payout,A005,debit
T0186,2024-02-07,840.00,USD,Customer payment,A001,credit
T0187,2024-02-07,-225.00,USD,Vendor payout,A002,debit
T0188,2024-02-07,1020.00,USD,Customer payment,A003,credit
T0189,2024-02-07,3600.00,USD,Customer payment,A004,credit
T0190,2024-02-07,-440.00,USD,Vendor payout,A005,debit
T0191,2024-02-08,860.00,USD,Customer payment,A001,credit
T0192,2024-02-08,1050.00,USD,Customer payment,A002,credit
T0193,2024-02-08,-230.00,USD,Refund processed,A003,debit
T0194,2024-02-08,3700.00,USD,Customer payment,A004,credit
T0195,2024-02-08,-450.00,USD,Vendor payout,A005,debit
T0196,2024-02-09,880.00,USD,Customer payment,A001,credit
T0197,2024-02-09,-235.00,USD,Vendor payout,A002,debit
T0198,2024-02-09,1080.00,USD,Customer payment,A003,credit
T0199,2024-02-09,3800.00,USD,Customer payment,A004,credit
T0200,2024-02-09,-460.00,USD,Vendor payout,A005,debit

