payout_id,payout_date,gross_amount,fee_amount,net_amount,currency,account_id,related_transaction_id
P0001,2024-01-02,150.00,3.00,147.00,USD,A001,T0001
P0002,2024-01-02,320.00,6.40,313.60,USD,A002,T0003
P0003,2024-01-02,210.00,4.20,205.80,USD,A004,T0005
P0004,2024-01-02,450.00,9.00,441.00,USD,A005,T0006
P0005,2024-01-03,180.00,3.60,176.40,USD,A002,T0008
P0006,2024-01-03,500.00,10.00,490.00,USD,A004,T0010
P0007,2024-01-03,250.00,5.00,245.00,USD,A001,T0012
P0008,2024-01-03,300.00,6.00,294.00,USD,A002,T0013
P0009,2024-01-04,260.00,5.20,254.80,USD,A003,T0019
P0010,2024-01-04,900.00,18.00,882.00,USD,A004,T0020
P0011,2024-01-04,190.00,3.80,186.20,USD,A001,T0022
P0012,2024-01-05,330.00,6.60,323.40,USD,A003,T0024
P0013,2024-01-05,650.00,13.00,637.00,USD,A004,T0025
P0014,2024-01-06,210.00,4.20,205.80,USD,A001,T0027
P0015,2024-01-06,400.00,8.00,392.00,USD,A002,T0028
P0016,2024-01-06,800.00,16.00,784.00,USD,A004,T0030
P0017,2024-01-07,220.00,4.40,215.60,USD,A001,T0032
P0018,2024-01-07,350.00,7.00,343.00,USD,A003,T0034
P0019,2024-01-07,900.00,18.00,882.00,USD,A004,T0035
P0020,2024-01-08,240.00,4.80,235.20,USD,A001,T0037
P0021,2024-01-08,420.00,8.40,411.60,USD,A002,T0038
P0022,2024-01-08,750.00,15.00,735.00,USD,A004,T0040
P0023,2024-01-09,260.00,5.20,254.80,USD,A001,T0042
P0024,2024-01-09,380.00,7.60,372.40,USD,A003,T0044
P0025,2024-01-09,820.00,16.40,803.60,USD,A004,T0045
P0026,2024-01-10,280.00,5.60,274.40,USD,A001,T0047
P0027,2024-01-10,450.00,9.00,441.00,USD,A002,T0048
P0028,2024-01-10,900.00,18.00,882.00,USD,A004,T0050
P0029,2024-01-11,300.00,6.00,294.00,USD,A001,T0052
P0030,2024-01-11,390.00,7.80,382.20,USD,A003,T0054
P0031,2024-01-11,950.00,19.00,931.00,USD,A004,T0055
P0032,2024-01-12,320.00,6.40,313.60,USD,A001,T0057
P0033,2024-01-12,480.00,9.60,470.40,USD,A002,T0058
P0034,2024-01-12,1000.00,20.00,980.00,USD,A004,T0060
P0035,2024-01-13,340.00,6.80,333.20,USD,A001,T0062
P0036,2024-01-13,420.00,8.40,411.60,USD,A003,T0064
P0037,2024-01-13,1100.00,22.00,1078.00,USD,A004,T0065
P0038,2024-01-14,360.00,7.20,352.80,USD,A001,T0067
P0039,2024-01-14,500.00,10.00,490.00,USD,A002,T0068
P0040,2024-01-14,1200.00,24.00,1176.00,USD,A004,T0070
P0041,2024-01-15,380.00,7.60,372.40,USD,A001,T0072
P0042,2024-01-15,450.00,9.00,441.00,USD,A003,T0074
P0043,2024-01-15,1300.00,26.00,1274.00,USD,A004,T0075
P0044,2024-01-16,400.00,8.00,392.00,USD,A001,T0077
P0045,2024-01-16,520.00,10.40,509.60,USD,A002,T0078
P0046,2024-01-16,1400.00,28.00,1372.00,USD,A004,T0080
P0047,2024-01-17,420.00,8.40,411.60,USD,A001,T0082
P0048,2024-01-17,480.00,9.60,470.40,USD,A003,T0084
P0049,2024-01-17,1500.00,30.00,1470.00,USD,A004,T0085
P0050,2024-01-18,440.00,8.80,431.20,USD,A001,T0087
P0051,2024-01-18,550.00,11.00,539.00,USD,A002,T0088
P0052,2024-01-18,1600.00,32.00,1568.00,USD,A004,T0090
P0053,2024-01-19,460.00,9.20,450.80,USD,A001,T0092
P0054,2024-01-19,500.00,10.00,490.00,USD,A003,T0094
P0055,2024-01-19,1700.00,34.00,1666.00,USD,A004,T0095
P0056,2024-01-20,480.00,9.60,470.40,USD,A001,T0097
P0057,2024-01-20,580.00,11.60,568.40,USD,A002,T0098
P0058,2024-01-20,1800.00,36.00,1764.00,USD,A004,T0100
P0059,2024-01-21,500.00,10.00,490.00,USD,A005,T0101
P0060,2024-01-21,600.00,12.00,588.00,USD,A002,T0103
P0061,2024-01-21,1900.00,38.00,1862.00,USD,A004,T0105
P0062,2024-01-22,520.00,10.40,509.60,USD,A001,T0106
P0063,2024-01-22,620.00,12.40,607.60,USD,A003,T0108
P0064,2024-01-22,2000.00,40.00,1960.00,USD,A004,T0109
P0065,2024-01-23,540.00,10.80,529.20,USD,A001,T0111
P0066,2024-01-23,650.00,13.00,637.00,USD,A002,T0112
P0067,2024-01-23,2100.00,42.00,2058.00,USD,A004,T0114
P0068,2024-01-24,560.00,11.20,548.80,USD,A001,T0116
P0069,2024-01-24,680.00,13.60,666.40,USD,A003,T0118
P0070,2024-01-24,2200.00,44.00,2156.00,USD,A004,T0119
P0071,2024-01-25,580.00,11.60,568.40,USD,A001,T0121
P0072,2024-01-25,700.00,14.00,686.00,USD,A002,T0122
P0073,2024-01-25,2300.00,46.00,2254.00,USD,A004,T0124
P0074,2024-01-26,600.00,12.00,588.00,USD,A001,T0126
P0075,2024-01-26,720.00,14.40,705.60,USD,A003,T0128
P0076,2024-01-26,2400.00,48.00,2352.00,USD,A004,T0129
P0077,2024-01-27,620.00,12.40,607.60,USD,A001,T0131
P0078,2024-01-27,750.00,15.00,735.00,USD,A002,T0132
P0079,2024-01-27,2500.00,50.00,2450.00,USD,A004,T0134
P0080,2024-01-28,640.00,12.80,627.20,USD,A001,T0136
P0081,2024-01-28,780.00,15.60,764.40,USD,A003,T0138
P0082,2024-01-28,2600.00,52.00,2548.00,USD,A004,T0139
P0083,2024-01-29,660.00,13.20,646.80,USD,A001,T0141
P0084,2024-01-29,800.00,16.00,784.00,USD,A002,T0142
P0085,2024-01-29,2700.00,54.00,2646.00,USD,A004,T0144
P0086,2024-01-30,680.00,13.60,666.40,USD,A001,T0146
P0087,2024-01-30,820.00,16.40,803.60,USD,A003,T0148
P0088,2024-01-30,2800.00,56.00,2744.00,USD,A004,T0149
P0089,2024-01-31,700.00,14.00,686.00,USD,A001,T0151
P0090,2024-01-31,850.00,17.00,833.00,USD,A002,T0152
P0091,2024-01-31,2900.00,58.00,2842.00,USD,A004,T0154
P0092,2024-02-01,720.00,14.40,705.60,USD,A001,T0156
P0093,2024-02-01,880.00,17.60,862.40,USD,A003,T0158
P0094,2024-02-01,3000.00,60.00,2940.00,USD,A004,T0159
P0095,2024-02-02,740.00,14.80,725.20,USD,A001,T0161
P0096,2024-02-02,900.00,18.00,882.00,USD,A002,T0162
P0097,2024-02-02,3100.00,62.00,3038.00,USD,A004,T0164
P0098,2024-02-03,760.00,15.20,744.80,USD,A001,T0166
P0099,2024-02-03,920.00,18.40,901.60,USD,A003,T0168
P0100,2024-02-03,3200.00,64.00,3136.00,USD,A004,T0169
